name,popsqmi,key,population,namelsad,y,x,placens
Aberdeen,,3900142,,Aberdeen village,38.6717091,-83.7708664,02397905
Ada,,3900198,,Ada village,40.7681192,-83.8253218,02397907
Adamsville,,3900380,,Adamsville village,40.0688929,-81.8826365,02397909
Athens ,,3902736,,Athens city,39.3260005,-82.0980078,02394009
Avon Lake ,,3903464,,Avon Lake city,41.4945045,-82.0160754,01086501
Brooklyn Heights,,3909274,,Brooklyn Heights village,41.4198822,-81.6652862,01085959
Chatfield,,3913694,,Chatfield village,40.9512054,-82.9419596,02397605
Addyston,,3900436,,Addyston village,39.1381226,-84.7128341,02397913
Adelphi,,3900450,,Adelphi village,39.4644974,-82.7461068,02397915
Adena,,3900464,,Adena village,40.2166634,-80.87621,02397916
Akron ,,3901000,,Akron city,41.0804559,-81.5214295,01086993
Albany,,3901042,,Albany village,39.2265315,-82.1947268,02397922
Amesville,,3901784,,Amesville village,39.4014869,-81.9549569,02397956
Buchtel,,3909834,,Buchtel village,39.4635115,-82.1804258,02397481
Alexandria,,3901154,,Alexandria village,40.0903161,-82.612451,02397927
Alger,,3901210,,Alger village,40.7097963,-83.8440345,02397930
Alliance ,,3901420,,Alliance city,40.9111711,-81.119827,01086972
Amanda,,3901630,,Amanda village,39.6501628,-82.7421528,02397953
Baltimore,,3903758,,Baltimore village,39.8460388,-82.6046872,02398025
Amberley,,3901672,,Amberley village,39.2034895,-84.4282883,01086196
Blue Ash ,,3907300,,Blue Ash city,39.2447574,-84.3884374,01086199
Amelia,,3901742,,Amelia village,39.0228885,-84.218322,02397955
Amherst ,,3901798,,Amherst city,41.4053292,-82.2317251,01086498
Amsterdam,,3901938,,Amsterdam village,40.4717332,-80.9216884,02397958
Andover,,3902050,,Andover village,41.6065504,-80.568686,02397961
Anna,,3902092,,Anna village,40.3957944,-84.1759011,02397963
Ansonia,,3902120,,Ansonia village,40.2141468,-84.6342252,02397968
Arcanum,,3902330,,Arcanum village,39.992308,-84.5543226,02397978
Antioch,,3902148,,Antioch village,39.6610655,-81.0669949,02397969
Antwerp,,3902204,,Antwerp village,41.1801758,-84.7360993,02397971
Cecil,,3912700,,Cecil village,41.2190959,-84.6015805,02397578
Apple Creek,,3902232,,Apple Creek village,40.7488697,-81.8317356,02397972
Burbank,,3910254,,Burbank village,40.9862322,-81.9948403,02397495
Aquilla,,3902274,,Aquilla village,41.5465228,-81.1730641,02397975
Chardon ,,3913554,,Chardon city,41.5792893,-81.2090597,02397604
Arcadia,,3902316,,Arcadia village,41.1079093,-83.5146175,02397976
Arlington,,3902400,,Arlington village,40.8938833,-83.652954,02397983
Archbold,,3902344,,Archbold village,41.5165329,-84.3032694,02397979
Arlington Heights,,3902428,,Arlington Heights village,39.2153449,-84.4555423,01086198
Ashland ,,3902568,,Ashland city,40.8670678,-82.3151519,01085702
Ashley,,3902582,,Ashley village,40.4098055,-82.9516531,01086041
Ashtabula ,,3902638,,Ashtabula city,41.8794702,-80.7984935,02394002
Ashville,,3902680,,Ashville village,39.7250915,-82.957724,02398001
Athalia,,3902722,,Athalia village,38.5091187,-82.3094594,02398003
Attica,,3902820,,Attica village,41.0636846,-82.8871076,02398006
Aurora ,,3903086,,Aurora city,41.3067955,-81.3364645,01086822
Avon ,,3903352,,Avon city,41.4451003,-82.0051085,01086500
Bailey Lakes,,3903562,,Bailey Lakes village,40.9495707,-82.3592648,02398016
Bainbridge,,3903604,,Bainbridge village,39.2264637,-83.2695617,02398017
Bairdstown,,3903646,,Bairdstown village,41.1711843,-83.6072888,02398018
Bloomdale,,3907062,,Bloomdale village,41.1710864,-83.5536413,02398135
Bradner,,3908112,,Bradner village,41.3238842,-83.4363659,02398165
Baltic,,3903744,,Baltic village,40.4436769,-81.7016263,02398024
Barberton ,,3903828,,Barberton city,41.0069033,-81.60439,01086994
Barnesville,,3903926,,Barnesville village,39.9888472,-81.1726329,02398034
Barnhill,,3903940,,Barnhill village,40.4496626,-81.3679076,02398035
Batavia,,3904150,,Batavia village,39.0809317,-84.1732726,02398047
Batesville,,3904192,,Batesville village,39.9147261,-81.2834658,02398049
Bay View,,3904402,,Bay View village,41.4693316,-82.8241711,02398051
Bay Village ,,3904416,,Bay Village city,41.4877725,-81.9290505,01085949
Brecksville ,,3908364,,Brecksville city,41.3071872,-81.6199079,01085956
Beach City,,3904458,,Beach City village,40.6531234,-81.5795527,02398055
Blanchester,,3906908,,Blanchester village,39.2950804,-83.9728642,02398131
Beachwood ,,3904500,,Beachwood city,41.4762643,-81.5032318,01085950
Beallsville,,3904542,,Beallsville village,39.8488691,-81.0353907,02398057
Beaver,,3904696,,Beaver village,39.0349893,-82.8257106,02398059
Beavercreek ,,3904720,,Beavercreek city,39.7331545,-84.0596148,02394102
Beaverdam,,3904752,,Beaverdam village,40.8324875,-83.9733829,02398061
Bluffton,,3907426,,Bluffton village,40.8920482,-83.8877931,02398144
Bedford ,,3904878,,Bedford city,41.3921231,-81.5346796,01085951
Bedford Heights ,,3904920,,Bedford Heights city,41.4035455,-81.5023473,01085952
Bentleyville,,3905550,,Bentleyville village,41.4133266,-81.413446,01085953
Bellaire,,3905074,,Bellaire village,40.0165108,-80.7473336,02398073
Bellbrook ,,3905102,,Bellbrook city,39.6384005,-84.0854109,02394111
Belle Center,,3905116,,Belle Center village,40.5090106,-83.7452928,02398075
Bellefontaine ,,3905130,,Bellefontaine city,40.3627172,-83.7629944,02394116
Belle Valley,,3905158,,Belle Valley village,39.7888189,-81.5565315,02398077
Bellevue ,,3905228,,Bellevue city,41.2741163,-82.8398553,01086341
Bellville,,3905284,,Bellville village,40.6177295,-82.5131467,02398083
Belmont,,3905312,,Belmont village,40.0279794,-81.040933,02398086
Belmore,,3905396,,Belmore village,41.1548382,-83.9416973,02398087
Beloit,,3905410,,Beloit village,40.9196959,-80.9978118,02398089
Belpre ,,3905424,,Belpre city,39.280492,-81.592338,01087127
Benton Ridge,,3905662,,Benton Ridge village,41.0042359,-83.7926644,02398098
Berea ,,3905690,,Berea city,41.3705475,-81.8617565,01085954
Broadview Heights ,,3909064,,Broadview Heights city,41.318156,-81.6792616,01085957
Bergholz,,3905718,,Bergholz village,40.5207959,-80.885057,02398100
Berkey,,3905732,,Berkey village,41.708347,-83.8383653,02398102
Berlin Heights,,3905900,,Berlin Heights village,41.3227478,-82.4875708,02398104
Bethel,,3906068,,Bethel village,38.9628595,-84.0845616,02398110
Bethesda,,3906138,,Bethesda village,40.0165773,-81.0726052,02398112
Bettsville,,3906194,,Bettsville village,41.2440548,-83.2338725,02398113
Bloomville,,3907286,,Bloomville village,41.0513731,-83.0136684,02398141
Beverly,,3906222,,Beverly village,39.5499694,-81.635844,02398115
Bexley ,,3906278,,Bexley city,39.9653584,-82.9344792,01086097
Blakeslee,,3906810,,Blakeslee village,41.5242126,-84.7308458,02398130
Bloomingburg,,3907188,,Bloomingburg village,39.6079293,-83.3952863,02398136
Bloomingdale,,3907202,,Bloomingdale village,40.3422279,-80.8178504,02398137
Bolivar,,3907594,,Bolivar village,40.6505346,-81.4556813,02398148
Boston Heights,,3907790,,Boston Heights village,41.2525827,-81.5076679,01086997
Botkins,,3907832,,Botkins village,40.4523435,-84.1791822,02398153
Bowerston,,3907916,,Bowerston village,40.4272619,-81.187387,02398156
Bowersville,,3907930,,Bowersville village,39.5807868,-83.7233257,02398157
Bowling Green ,,3907972,,Bowling Green city,41.3776768,-83.6495839,01087179
Bradford,,3908084,,Bradford village,40.1300549,-84.4268915,02398161
Bratenahl,,3908336,,Bratenahl village,41.5559648,-81.6055748,01085955
Bremen,,3908392,,Bremen village,39.7059708,-82.4299345,02397448
Brewster,,3908504,,Brewster village,40.7115172,-81.6077771,02397449
Brice,,3908532,,Brice village,39.9172485,-82.8318855,02397451
Bridgeport,,3908560,,Bridgeport village,40.0645618,-80.7489432,02397452
Brooklyn ,,3909246,,Brooklyn city,41.4347398,-81.7491795,01085958
Brook Park ,,3909288,,Brook Park city,41.4043089,-81.8203424,01085960
Brookside,,3909316,,Brookside village,40.0709453,-80.760847,02397468
Brookville ,,3909358,,Brookville city,39.8392851,-84.4175621,02393433
Broughton,,3909386,,Broughton village,41.0880098,-84.5349836,02397469
Brunswick ,,3909680,,Brunswick city,41.2457993,-81.8165815,01086589
Bryan ,,3909792,,Bryan city,41.4702892,-84.5480837,01087167
Buckeye Lake,,3909890,,Buckeye Lake village,39.9364275,-82.4814054,02397482
Buckland,,3909974,,Buckland village,40.6234333,-84.259995,02397484
Bucyrus ,,3910030,,Bucyrus city,40.8051193,-82.9716319,02393452
Burgoon,,3910282,,Burgoon village,41.2674137,-83.2507433,02397498
Burkettsville,,3910296,,Burkettsville village,40.3529369,-84.6426731,02397499
Burton,,3910436,,Burton village,41.4706232,-81.1450944,02397507
Butler,,3910632,,Butler village,40.5901654,-82.4201783,02397511
Butlerville,,3910674,,Butlerville village,39.3016181,-84.0903745,02397513
Byesville,,3910716,,Byesville village,39.9733228,-81.5458123,02397516
Cadiz,,3910800,,Cadiz village,40.2565895,-80.9926476,02397520
Cairo,,3910884,,Cairo village,40.8307525,-84.0844887,02397522
Caldwell,,3910940,,Caldwell village,39.7463539,-81.5129761,02397525
Caledonia,,3910954,,Caledonia village,40.6363108,-82.9693914,02397526
Cambridge ,,3910996,,Cambridge city,40.021047,-81.5855483,02393504
Camden,,3911024,,Camden village,39.6366793,-84.6446635,02397539
Campbell ,,3911066,,Campbell city,41.0780131,-80.5899684,01086559
Canal Fulton ,,3911304,,Canal Fulton city,40.8923024,-81.5879299,02393726
Canal Winchester ,,3911332,,Canal Winchester city,39.8397944,-82.8162599,02397546
Canfield ,,3911360,,Canfield city,41.0298795,-80.7673224,02393729
Canton ,,3912000,,Canton city,40.8076499,-81.3672284,01086974
Cardington,,3912084,,Cardington village,40.4979842,-82.8936498,02397552
Carey,,3912112,,Carey village,40.9458138,-83.3860955,02397553
Carlisle,,3912168,,Carlisle village,39.5789921,-84.3209592,02393744
Carroll,,3912252,,Carroll village,39.8025848,-82.7061784,02397562
Carrollton,,3912280,,Carrollton village,40.5787469,-81.0908197,02397564
Casstown,,3912462,,Casstown village,40.0527674,-84.1285133,02397572
Castalia,,3912476,,Castalia village,41.4042673,-82.801607,02397573
Castine,,3912504,,Castine village,39.9310425,-84.6247177,02397574
Catawba,,3912560,,Catawba village,39.9996265,-83.621903,02397575
Cedarville,,3912784,,Cedarville village,39.7484289,-83.812175,02397584
Celina ,,3912868,,Celina city,40.5553312,-84.5632677,02393778
Centerburg,,3913036,,Centerburg village,40.303684,-82.6978079,02397588
Centerville (Thurman),,3913169,,Centerville (Thurman) village,38.897874,-82.445775,02397589
Centerville ,,3913190,,Centerville city,39.6343345,-84.1457169,02393783
Chagrin Falls,,3913358,,Chagrin Falls village,41.4309521,-81.3889749,01085962
Cheviot ,,3914128,,Cheviot city,39.1576547,-84.6139079,01086200
Chilo,,3914226,,Chilo village,38.794189,-84.1378006,02397622
Circleville ,,3915070,,Circleville city,39.6011523,-82.9325148,02393527
Clarksburg,,3915336,,Clarksburg village,39.5058983,-83.1540809,02397632
Cleveland ,,3916000,,Cleveland city,41.4784623,-81.6794351,01085963
Clinton,,3916182,,Clinton village,40.928138,-81.6311375,01086998
Coldwater,,3916532,,Coldwater village,40.4826898,-84.631441,02398595
Columbus ,,3918000,,Columbus city,39.9852399,-82.9847747,01086101
Crestline,,3919330,,Crestline village,40.78363,-82.7454111,02393671
Cumberland,,3919694,,Cumberland village,39.8532807,-81.6587227,02398659
Cuyahoga Falls ,,3919778,,Cuyahoga Falls city,41.1435534,-81.5729643,01087001
Cygnet,,3919820,,Cygnet village,41.2411889,-83.6440684,02398665
Danville,,3920114,,Danville village,40.4470557,-82.2608963,02398682
Deersville,,3921294,,Deersville village,40.3082607,-81.1880206,02398708
Dellroy,,3921560,,Dellroy village,40.5553664,-81.1994651,02398709
Dennison,,3921714,,Dennison village,40.3972076,-81.3273717,02398712
Dunkirk,,3922946,,Dunkirk village,40.7881348,-83.6425674,02398756
Edon,,3924640,,Edon village,41.5561589,-84.7694005,02398790
Elida,,3924808,,Elida village,40.7869905,-84.1996513,02398799
Elyria ,,3925256,,Elyria city,41.372778,-82.1080088,01086508
Englewood ,,3925396,,Englewood city,39.8650669,-84.309463,02394692
Fairborn ,,3925914,,Fairborn city,39.7995778,-84.008482,02394726
Fairfield ,,3925970,,Fairfield city,39.3314204,-84.5427156,01085670
Fairlawn ,,3926166,,Fairlawn city,41.1310135,-81.6223071,02394734
Fairview,,3926348,,Fairview village,40.0573487,-81.2349391,02398858
Fayetteville,,3926796,,Fayetteville village,39.1848356,-83.9317491,02398868
Findlay ,,3927048,,Findlay city,41.0461332,-83.6372992,01086245
Flushing,,3927552,,Flushing village,40.1481623,-81.0643739,02398890
Forest,,3927636,,Forest village,40.8051115,-83.5116094,02398894
Franklin ,,3928476,,Franklin city,39.5549505,-84.2957275,02394807
Freeport,,3928798,,Freeport village,40.2109829,-81.2687246,02398926
Galena,,3929148,,Galena village,40.2277289,-82.8765152,02398937
Glenwillow,,3930632,,Glenwillow village,41.3583445,-81.4710373,01085971
Gordon,,3930912,,Gordon village,39.9302672,-84.5090674,02398179
Grafton,,3931150,,Grafton village,41.2841404,-82.0299676,02398183
Gratiot,,3931458,,Gratiot village,39.9514954,-82.2167798,02398196
Greenville ,,3932340,,Greenville city,40.1047085,-84.6214501,02394994
Grover Hill,,3932620,,Grover Hill village,41.0189524,-84.4776364,02398214
Hamden,,3932956,,Hamden village,39.1585278,-82.5255035,02398228
Hamersville,,3932984,,Hamersville village,38.9190595,-83.9854473,02398230
Hamilton ,,3933012,,Hamilton city,39.3934281,-84.5657543,01085809
Harpster,,3933656,,Harpster village,40.738429,-83.2501783,02398250
Heath ,,3934748,,Heath city,40.0208143,-82.4420753,01086463
Highland Heights ,,3935252,,Highland Heights city,41.5517829,-81.4691267,01085972
Chauncey,,3913778,,Chauncey village,39.4005318,-82.1266269,02397608
Glouster,,3930674,,Glouster village,39.5022766,-82.0840926,02398982
Chesapeake,,3913904,,Chesapeake village,38.4269264,-82.4561672,02397614
Cheshire,,3913932,,Cheshire village,38.9510929,-82.1142906,02397615
Chesterhill,,3914086,,Chesterhill village,39.4943949,-81.8682016,02397618
Chesterville,,3914114,,Chesterville village,40.4751453,-82.6809308,02397619
Chickasaw,,3914156,,Chickasaw village,40.436217,-84.493693,02397621
Chillicothe ,,3914184,,Chillicothe city,39.3386599,-82.994059,02393514
Chippewa Lake,,3914254,,Chippewa Lake village,41.0740593,-81.9034899,02397623
Christiansburg,,3914296,,Christiansburg village,40.0567472,-84.0255355,02397624
Cincinnati ,,3915000,,Cincinnati city,39.140183,-84.5058289,01086201
Clarington,,3915210,,Clarington village,39.7808599,-80.8649833,02397630
Clarksville,,3915406,,Clarksville village,39.4017805,-83.9887265,02397633
Clay Center,,3915588,,Clay Center village,41.5731997,-83.3642976,02397636
Clayton ,,3915644,,Clayton city,39.8695412,-84.3254376,02397639
Cleveland Heights ,,3916014,,Cleveland Heights city,41.5110754,-81.5617656,01085964
Cleves,,3916028,,Cleves village,39.1645826,-84.7413775,02397645
Deer Park ,,3921266,,Deer Park city,39.2038648,-84.3977695,01086205
Clifton,,3916056,,Clifton village,39.7972259,-83.8254227,02397648
Cloverdale,,3916266,,Cloverdale village,41.0192904,-84.299766,02398584
Clyde ,,3916308,,Clyde city,41.3035849,-82.9794246,02393577
Fremont ,,3928826,,Fremont city,41.3530188,-83.1155897,01086909
Gibsonburg,,3930072,,Gibsonburg village,41.3871914,-83.3221646,02398959
Coal Grove,,3916378,,Coal Grove village,38.4922317,-82.6358525,02398587
Hanging Rock,,3933194,,Hanging Rock village,38.5599727,-82.7276289,02398238
Coalton,,3916434,,Coalton village,39.1117567,-82.610811,02398589
College Corner,,3916700,,College Corner village,39.5689116,-84.81141,02398599
Columbiana ,,3917036,,Columbiana city,40.885537,-80.6678185,02393608
Columbus Grove,,3918014,,Columbus Grove village,40.9198291,-84.0603071,02398606
Commercial Point,,3918070,,Commercial Point village,39.79105,-83.0266013,02398608
Conesville,,3918266,,Conesville village,40.1851356,-81.8920289,02398614
Coshocton ,,3918868,,Coshocton city,40.2617518,-81.8472917,01085913
Congress,,3918308,,Congress village,40.9253225,-82.0559248,02398617
Conneaut ,,3918350,,Conneaut city,41.9272986,-80.5683821,01085723
Geneva ,,3929610,,Geneva city,41.8006636,-80.9461519,02394874
Geneva-on-the-Lake,,3929652,,Geneva-on-the-Lake village,41.8552676,-80.9512802,02398949
Continental,,3918504,,Continental village,41.0990545,-84.2731269,02398619
Dupont,,3922974,,Dupont village,41.0553645,-84.3007976,02398760
Fort Jennings,,3927818,,Fort Jennings village,40.9061761,-84.2996217,02398902
Convoy,,3918546,,Convoy village,40.9173472,-84.7059319,02398620
Coolville,,3918588,,Coolville village,39.2204643,-81.7983282,02398623
Corning,,3918770,,Corning village,39.6016713,-82.0875666,02398629
Cortland ,,3918812,,Cortland city,41.3319353,-80.7194938,02393640
Corwin,,3918840,,Corwin village,39.5248495,-84.0677369,02398632
Covington,,3919050,,Covington village,40.1170353,-84.350684,02398638
Craig Beach,,3919106,,Craig Beach village,41.1156704,-80.9821301,02398643
Creston,,3919344,,Creston village,40.9768415,-81.8997946,02398646
Cridersville,,3919400,,Cridersville village,40.6509001,-84.1427491,02398652
Crooksville,,3919456,,Crooksville village,39.7679487,-82.094937,02398654
Crown City,,3919554,,Crown City village,38.5896513,-82.2972501,02398656
Custar,,3919750,,Custar village,41.2845959,-83.8438097,02398662
Cuyahoga Heights,,3919806,,Cuyahoga Heights village,41.4361735,-81.6537132,01085965
East Cleveland ,,3923380,,East Cleveland city,41.5306569,-81.5785163,01085966
Dalton,,3919974,,Dalton village,40.7985549,-81.7033344,02398671
Doylestown,,3922568,,Doylestown village,40.9700032,-81.6956954,02398747
Darbyville,,3920212,,Darbyville village,39.6959844,-83.1136514,02398683
Dayton ,,3921000,,Dayton city,39.7773943,-84.1996317,01086167
Defiance ,,3921308,,Defiance city,41.2809905,-84.3658346,02394492
De Graff,,3921378,,De Graff village,40.3126942,-83.9166525,02398692
Delaware ,,3921434,,Delaware city,40.2864759,-83.0748639,02394498
Dublin ,,3922694,,Dublin city,40.1133035,-83.1457745,02394565
Delphos ,,3921602,,Delphos city,40.8476708,-84.3364856,02394508
Elgin,,3924794,,Elgin village,40.7425642,-84.4760019,02398798
Delta,,3921616,,Delta village,41.5751986,-84.0089964,02398710
Fayette,,3926768,,Fayette village,41.6727547,-84.3284279,02398867
Deshler,,3921812,,Deshler village,41.2078379,-83.9059273,02398716
Florida,,3927538,,Florida village,41.3237873,-84.2002095,02398887
Hamler,,3933096,,Hamler village,41.2282339,-84.035523,02398231
Dexter City,,3921910,,Dexter City village,39.6593266,-81.4744436,02398720
Dillonvale,,3922022,,Dillonvale village,40.1985439,-80.7754423,02398726
Donnelsville,,3922288,,Donnelsville village,39.9154046,-83.9429742,02398738
Enon,,3925452,,Enon village,39.8650335,-83.9330403,02398836
Dover ,,3922456,,Dover city,40.5303332,-81.4802539,02394554
Dresden,,3922610,,Dresden village,40.1222255,-82.0134459,02398748
East Canton,,3923324,,East Canton village,40.7889463,-81.2850285,02398771
Eastlake ,,3923618,,Eastlake city,41.6558065,-81.4338285,01086416
East Liverpool ,,3923730,,East Liverpool city,40.6329961,-80.5673931,01085891
East Palestine,,3923940,,East Palestine village,40.8390668,-80.5466074,02394603
East Sparta,,3924052,,East Sparta village,40.6635403,-81.3642617,02398778
Eaton ,,3924234,,Eaton city,39.7510773,-84.6344747,01086845
Edgerton,,3924486,,Edgerton village,41.4495528,-84.7498345,02398784
Edison,,3924598,,Edison village,40.5582543,-82.8631909,02398787
Galion ,,3929162,,Galion city,40.7382157,-82.7813266,01085937
Eldorado,,3924766,,Eldorado village,39.9042563,-84.6753309,02398796
Gratis,,3931472,,Gratis village,39.6482718,-84.528668,02398197
Elmore,,3925144,,Elmore village,41.4705392,-83.2912212,02398815
Genoa,,3929722,,Genoa village,41.5203864,-83.3618784,02398950
Elmwood Place,,3925186,,Elmwood Place village,39.1855492,-84.4890003,01086207
Golf Manor,,3930786,,Golf Manor village,39.1877676,-84.4469081,01086211
Harrison ,,3933838,,Harrison city,39.2565804,-84.7862016,02394305
Empire,,3925368,,Empire village,40.5116852,-80.6261176,02398831
Euclid ,,3925704,,Euclid city,41.5921542,-81.5196781,01085967
Fairview Park ,,3926446,,Fairview Park city,41.4419804,-81.8529682,01085968
Evendale,,3925802,,Evendale village,39.2508709,-84.4267398,01086208
Fairfax,,3925942,,Fairfax village,39.1431599,-84.3971786,02398852
Fairport Harbor,,3926306,,Fairport Harbor village,41.7475981,-81.2728086,01086417
Farmersville,,3926656,,Farmersville village,39.678703,-84.4274313,02398862
Feli,,3926880,,Felicity village,38.8389423,-84.0984806,02398870
Fletcher,,3927412,,Fletcher village,40.1417879,-84.1118739,02398885
Forest Park ,,3927706,,Forest Park city,39.2862092,-84.5259583,01086209
Glendale,,3930380,,Glendale village,39.270658,-84.4585369,01086210
Greenhills,,3932158,,Greenhills village,39.2669597,-84.5193579,01086213
Fort Loramie,,3927832,,Fort Loramie village,40.3456468,-84.3707508,02398903
Fort Recovery,,3927902,,Fort Recovery village,40.4108999,-84.776173,02398904
Fostoria ,,3928014,,Fostoria city,41.1602341,-83.4124409,01086945
Frankfort,,3928182,,Frankfort village,39.4032865,-83.1781785,02398914
Frazeysburg,,3928574,,Frazeysburg village,40.1190978,-82.1176954,02398920
Fultonham,,3929064,,Fultonham village,39.855702,-82.1407816,02398931
Fredericksburg,,3928616,,Fredericksburg village,40.6771592,-81.8697744,02398921
Fredericktown,,3928658,,Fredericktown village,40.4785396,-82.549521,01086397
Fulton,,3929050,,Fulton village,40.463061,-82.8284615,02398930
Gahanna ,,3929106,,Gahanna city,40.028134,-82.907279,02394837
Grove City ,,3932592,,Grove City city,39.8663655,-83.0669328,02394255
Gallipolis,,3929204,,Gallipolis village,38.820082,-82.1909723,02398939
Gambier,,3929246,,Gambier village,40.376228,-82.3945965,02398940
Gann (Brinkhaven),,3929288,,Gann (Brinkhaven) village,40.4702081,-82.1900175,02398942
Garfield Heights ,,3929428,,Garfield Heights city,41.4186314,-81.6050806,01085969
Garrettsville,,3929442,,Garrettsville village,41.2843849,-81.0918683,01086829
Gates Mills,,3929498,,Gates Mills village,41.5309919,-81.4111532,01085970
Georgetown,,3929778,,Georgetown village,38.8683369,-83.8992526,02398952
Germantown ,,3929932,,Germantown city,39.632457,-84.36451,02398954
Gettysburg,,3929974,,Gettysburg village,40.1161957,-84.4962328,02398957
Gilboa,,3930114,,Gilboa village,41.0187987,-83.9216748,02398962
Girard ,,3930198,,Girard city,41.1656484,-80.6960894,02394903
Glandorf,,3930282,,Glandorf village,41.0271278,-84.0789329,02398967
Glenford,,3930436,,Glenford village,39.8861596,-82.319718,02398975
Glenmont,,3930506,,Glenmont village,40.5190756,-82.0924599,02398976
Gloria Glens Park,,3930660,,Gloria Glens Park village,41.0582706,-81.9013685,02398981
Gnadenhutten,,3930702,,Gnadenhutten village,40.3594289,-81.4256919,02398983
Grand Rapids,,3931206,,Grand Rapids village,41.4011192,-83.8664315,02398187
Haskins,,3934412,,Haskins village,41.4648046,-83.7043042,02398265
Grand River,,3931234,,Grand River village,41.7438954,-81.2862679,01086418
Grandview Heights ,,3931304,,Grandview Heights city,39.9792991,-83.0401109,01086103
Groveport ,,3932606,,Groveport city,39.857337,-82.8914423,02398213
Granville,,3931402,,Granville village,40.0567997,-82.5041398,02398193
Graysville,,3931542,,Graysville village,39.6633454,-81.1745843,02398199
Green ,,3931860,,Green city,40.9538164,-81.4720418,02394973
Green Camp,,3931948,,Green Camp village,40.5320162,-83.207613,02398201
Greenfield,,3932088,,Greenfield village,39.3535524,-83.3884077,02394985
Green Springs,,3932256,,Green Springs village,41.2573484,-83.0536365,01086911
Greenwich,,3932368,,Greenwich village,41.0313582,-82.518822,02398206
Hanover,,3933292,,Hanover village,40.0819231,-82.2768725,02398241
Hartford (Croton),,3934202,,Hartford (Croton) village,40.2399033,-82.6907934,01085658
Hanoverton,,3933306,,Hanoverton village,40.7546944,-80.9354876,02398245
Harbor View,,3933376,,Harbor View village,41.6932645,-83.4447535,01086524
Harrisburg,,3933740,,Harrisburg village,39.8106941,-83.1684094,02398252
Harrisville,,3934090,,Harrisville village,40.1813716,-80.8863999,02398255
Harrod,,3934118,,Harrod village,40.7072138,-83.9214046,02398256
Hartville,,3934328,,Hartville village,40.9614525,-81.3351235,02398260
Harveysburg,,3934384,,Harveysburg village,39.5028894,-83.990594,02398262
Haviland,,3934552,,Haviland village,41.0177887,-84.5852943,02398266
Hayesville,,3934636,,Hayesville village,40.7760128,-82.2601624,02398270
Hebron,,3934790,,Hebron village,39.9652476,-82.4865056,02398481
Helena,,3934860,,Helena village,41.3403272,-83.2918963,02398484
Hemlock,,3934888,,Hemlock village,39.5925436,-82.1523541,02398486
Hicksville,,3935098,,Hicksville village,41.2943865,-84.764737,02398500
Higginsport,,3935168,,Higginsport village,38.7897614,-83.9669674,02398502
Highland,,3935210,,Highland village,39.3439458,-83.6000788,02398503
Highland Hills,,3935255,,Highland Hills village,41.4496925,-81.5190981,01085668
Hilliard ,,3935476,,Hilliard city,40.0347194,-83.1577882,02394381
Hills and Dales,,3935532,,Hills and Dales village,40.8291177,-81.4440117,02398507
Holiday City,,3935864,,Holiday City village,41.6212706,-84.5404956,02398522
Holland,,3935882,,Holland village,41.619239,-83.7082231,02398524
Hollansburg,,3935896,,Hollansburg village,39.9984929,-84.793009,02398525
Holloway,,3935924,,Holloway village,40.1617731,-81.1308677,02398527
Huber Heights ,,3936610,,Huber Heights city,39.8588807,-84.1128933,01086669
Hudson ,,3936651,,Hudson city,41.2392132,-81.4416114,02394437
Hunting Valley,,3936918,,Hunting Valley village,41.4843734,-81.4127638,01085973
Huntsville,,3936988,,Huntsville village,40.4422995,-83.8045034,02398564
Huron ,,3937016,,Huron city,41.3976309,-82.5625689,02394457
Ithaca,,3937604,,Ithaca village,39.9377367,-84.553332,02398281
Jackson Center,,3938220,,Jackson Center village,40.4390237,-84.0408009,02398286
Jacksonville,,3938304,,Jacksonville village,39.4759299,-82.0795043,02398288
Jamestown,,3938374,,Jamestown village,39.6572039,-83.7538156,02398290
Jenera,,3938948,,Jenera village,40.8995,-83.7270633,02398296
Jeromesville,,3939060,,Jeromesville village,40.8036993,-82.1966133,02398299
Jewett,,3939172,,Jewett village,40.3680602,-81.0030024,02398302
Kalida,,3939536,,Kalida village,40.986229,-84.1941684,02398321
Kettlersville,,3940054,,Kettlersville village,40.4353159,-84.2549126,02398341
Kipton,,3940544,,Kipton village,41.2666341,-82.3043217,02398357
Kirby,,3940558,,Kirby village,40.8134927,-83.419408,02398358
Kirtland ,,3940642,,Kirtland city,41.5964234,-81.3393831,01086419
Lafayette,,3941118,,Lafayette village,40.7589114,-83.9499215,02398373
Lakeline,,3941398,,Lakeline village,41.6595042,-81.4545202,01086421
Lakeview,,3941608,,Lakeview village,40.4877122,-83.9306575,02398388
Latty,,3941986,,Latty village,41.0878735,-84.5831742,02398397
Laura,,3942028,,Laura village,39.9950854,-84.4084494,02398398
Leesville,,3942518,,Leesville village,40.4520565,-81.2095804,02398412
Leetonia,,3942560,,Leetonia village,40.8788382,-80.7629299,02398413
Leipsic,,3942602,,Leipsic village,41.113092,-83.9676283,02398415
Lewisburg,,3942938,,Lewisburg village,39.8450155,-84.5386898,02398428
Lima ,,3943554,,Lima city,40.7406793,-84.1120905,01085694
Limaville,,3943596,,Limaville village,40.9855432,-81.1507051,02398439
Lindsey,,3943904,,Lindsey village,41.4216806,-83.2209931,02398446
Lithopolis,,3944086,,Lithopolis village,39.8152408,-82.8136972,02398453
Lockbourne,,3944310,,Lockbourne village,39.8088996,-82.9872943,02398462
Lockington,,3944352,,Lockington village,40.2075966,-84.2372888,02398463
Lorain ,,3944856,,Lorain city,41.4388045,-82.179722,01086514
Loudonville,,3945066,,Loudonville village,40.63375,-82.2331798,02399190
Louisville ,,3945094,,Louisville city,40.8370406,-81.2641511,01086980
Loveland ,,3945108,,Loveland city,39.2675166,-84.274553,01085865
Lowellville,,3945178,,Lowellville village,41.0371673,-80.5421802,02399195
Ludlow Falls,,3945374,,Ludlow Falls village,39.9980849,-84.3391968,02399201
Lynchburg,,3945542,,Lynchburg village,39.2400855,-83.7889992,02399207
Lyons,,3945626,,Lyons village,41.700481,-84.0719076,02399211
Magnetic Springs,,3946830,,Magnetic Springs village,40.3530122,-83.2629329,02399223
Maineville,,3946872,,Maineville village,39.3194503,-84.1851475,02399227
Marengo,,3947558,,Marengo village,40.4008196,-82.8109939,02399254
Marietta ,,3947628,,Marietta city,39.4231665,-81.4464258,01087138
Martinsburg,,3948090,,Martinsburg village,40.2697525,-82.3543719,02399265
Martins Ferry ,,3948104,,Martins Ferry city,40.1042962,-80.7291246,02395030
Mason ,,3948188,,Mason city,39.3517072,-84.3020409,02395039
Mechanicsburg,,3948706,,Mechanicsburg village,40.0734833,-83.5559715,02399301
Medina ,,3948790,,Medina city,41.1346361,-81.8695135,01086600
Metamora,,3949238,,Metamora village,41.7114695,-83.9050167,02399324
Meyers Lake,,3949294,,Meyers Lake village,40.814409,-81.4215884,02399329
Miamisburg ,,3949434,,Miamisburg city,39.6309381,-84.270742,02395109
Midland,,3949896,,Midland village,39.3067607,-83.9104024,02399336
Milford ,,3950176,,Milford city,39.1652092,-84.2847836,01085671
Milford Center,,3950218,,Milford Center village,40.1793056,-83.4385401,02399346
Millbury,,3950260,,Millbury village,41.5647312,-83.425516,02399352
Miller City,,3950358,,Miller City village,41.1036739,-84.1300434,02399356
Mingo Junction,,3950904,,Mingo Junction village,40.3253076,-80.6193699,02399374
Monroe ,,3951310,,Monroe city,39.4466424,-84.3709801,02395374
Montgomery ,,3951716,,Montgomery city,39.2512315,-84.3479935,02395380
Montpelier,,3951772,,Montpelier village,41.5842464,-84.5915685,02399390
Moraine ,,3952010,,Moraine city,39.6975193,-84.2427193,01086676
Morristown,,3952346,,Morristown village,40.0630594,-81.0705193,02399399
Morrow,,3952374,,Morrow village,39.3486398,-84.120486,02399400
Mount Blanchard,,3952598,,Mount Blanchard village,40.8985201,-83.5568447,02399407
Mount Eaton,,3952682,,Mount Eaton village,40.694805,-81.7021639,02399410
Mount Pleasant,,3952976,,Mount Pleasant village,40.1758935,-80.7996538,02399415
Navarre,,3953690,,Navarre village,40.7277151,-81.515812,02399439
Nelsonville ,,3953886,,Nelsonville city,39.4601718,-82.2213677,02395168
Nevada,,3953942,,Nevada village,40.8187772,-83.1311889,02399447
Neville,,3953956,,Neville village,38.8130265,-84.2099493,02399448
New Albany ,,3953970,,New Albany city,40.0803453,-82.7877668,02399449
New Alexandria,,3954012,,New Alexandria village,40.2915869,-80.6751287,02399450
Newark ,,3954040,,Newark city,40.0697323,-82.4249247,01086473
New Concord,,3954446,,New Concord village,39.993659,-81.7380644,02399460
New Franklin ,,3954562,,New Franklin city,40.9542881,-81.5848686,02395193
New Holland,,3954726,,New Holland village,39.5544563,-83.2594984,02399466
New Madison,,3954978,,New Madison village,39.967646,-84.7079396,02399474
New Paris,,3955188,,New Paris village,39.8566783,-84.791916,02399479
New Richmond,,3955384,,New Richmond village,38.973762,-84.2815484,02399480
New Washington,,3955776,,New Washington village,40.9604059,-82.8546429,02399485
New Weston,,3955818,,New Weston village,40.3370242,-84.6436095,02399487
Ney,,3955874,,Ney village,41.3806196,-84.5211574,02399495
Niles ,,3955916,,Niles city,41.1878074,-80.7531013,02395235
North Canton ,,3956294,,North Canton city,40.8741561,-81.397098,02395252
North Lewisburg,,3956770,,North Lewisburg village,40.220519,-83.5580576,02399517
North Robinson,,3956994,,North Robinson village,40.7923822,-82.8567961,02399522
North Royalton ,,3957008,,North Royalton city,41.3132153,-81.7458795,01085986
Hillsboro ,,3935560,,Hillsboro city,39.212287,-83.6111817,02394385
Hiram,,3935658,,Hiram village,41.3114533,-81.1428682,02398515
Holgate,,3935854,,Holgate village,41.2492889,-84.1292459,02398521
Nashville,,3953634,,Nashville village,40.5958482,-82.1129675,02399437
Holmesville,,3935994,,Holmesville village,40.6285954,-81.923345,02398530
Hopedale,,3936260,,Hopedale village,40.3266668,-80.8955678,02398540
Hoytville,,3936568,,Hoytville village,41.1903996,-83.7849103,02398551
Milton Center,,3950708,,Milton Center village,41.3007392,-83.8296611,02399367
Hubbard ,,3936582,,Hubbard city,41.1581215,-80.5646508,02394435
Lordstown,,3944912,,Lordstown village,41.1709757,-80.8662706,01087038
Independence ,,3937240,,Independence city,41.3800125,-81.6332899,01085974
Lakewood ,,3941664,,Lakewood city,41.4832577,-81.801143,01085975
Linndale,,3943918,,Linndale village,41.4449964,-81.7667846,01085976
Lyndhurst ,,3945556,,Lyndhurst city,41.5169314,-81.4948179,01085977
Irondale,,3937422,,Irondale village,40.5721496,-80.7257078,02398274
Ironton ,,3937464,,Ironton city,38.531325,-82.6770518,02395438
Marysville ,,3948160,,Marysville city,40.2279856,-83.3593597,02395035
Jackson ,,3937842,,Jackson city,39.0459501,-82.6496008,02395447
Jacksonburg,,3938192,,Jacksonburg village,39.5383849,-84.5033152,02398287
New Miami,,3955104,,New Miami village,39.4321246,-84.5405807,02399475
Jefferson,,3938500,,Jefferson village,41.7383599,-80.7689467,02398292
North Kingsville,,3956700,,North Kingsville village,41.9253996,-80.6757064,01085735
Jeffersonville,,3938920,,Jeffersonville village,39.6534394,-83.5515622,02398293
Jerry City,,3939074,,Jerry City village,41.2536864,-83.6023086,02398300
Luckey,,3945332,,Luckey village,41.4519065,-83.4829238,02399199
Jerusalem,,3939130,,Jerusalem village,39.8518848,-81.0959228,02398301
Johnstown,,3939340,,Johnstown village,40.1491427,-82.6869427,02398307
New Vienna,,3955748,,New Vienna village,39.3257621,-83.6927639,02399484
Junction City,,3939508,,Junction City village,39.7216249,-82.3001462,02398315
Kelleys Island,,3939662,,Kelleys Island village,41.602607,-82.7065059,01086065
Kent ,,3939872,,Kent city,41.1475608,-81.3619648,02395512
Kenton ,,3939886,,Kenton city,40.6445409,-83.6099512,02395514
Kettering ,,3940040,,Kettering city,39.6959914,-84.1504372,01086672
Killbuck,,3940180,,Killbuck village,40.4961232,-81.9824952,02398346
Millersburg,,3950372,,Millersburg village,40.5534027,-81.916774,02399357
Kingston,,3940376,,Kingston village,39.472279,-82.9120081,02398352
Kirkersville,,3940572,,Kirkersville village,39.9500256,-82.5976757,02398360
Kirtland Hills,,3940670,,Kirtland Hills village,41.6379713,-81.3263933,01086420
LaGrange,,3941230,,LaGrange village,41.2402965,-82.1188613,02398374
North Ridgeville ,,3956966,,North Ridgeville city,41.3860001,-82.024711,01086515
Lakemore,,3941454,,Lakemore village,41.0226536,-81.4234385,01087005
Lancaster ,,3941720,,Lancaster city,39.7247371,-82.605275,01086078
La Rue,,3941902,,La Rue village,40.5781021,-83.3821244,02398370
Laurelville,,3942084,,Laurelville village,39.4738854,-82.7363866,02398399
Lebanon ,,3942364,,Lebanon city,39.4230693,-84.2196952,01087116
Middletown ,,3949840,,Middletown city,39.5029523,-84.3648929,01085814
Leesburg,,3942476,,Leesburg village,39.3418308,-83.5519483,02398411
Mowrystown,,3953186,,Mowrystown village,39.0425057,-83.7521615,02399421
Lewisville,,3942980,,Lewisville village,39.7670779,-81.2182436,02398430
Lexington,,3942994,,Lexington village,40.6809086,-82.5788399,02398431
Liberty Center,,3943414,,Liberty Center village,41.4435799,-84.0077838,02398435
McClure,,3945794,,McClure village,41.3709738,-83.9413694,02399285
Malinta,,3946942,,Malinta village,41.3195926,-84.0353601,02399231
Lincoln Heights,,3943722,,Lincoln Heights village,39.2435047,-84.4570043,01086215
Lockland,,3944366,,Lockland village,39.2278609,-84.4564498,01086216
Lisbon,,3944030,,Lisbon village,40.7751343,-80.7627707,02398448
Lodi,,3944604,,Lodi village,41.0388237,-82.0098957,02398466
Logan ,,3944632,,Logan city,39.5383724,-82.4064064,02395743
London ,,3944674,,London city,39.8928454,-83.4388747,01086545
Lore City,,3944954,,Lore City village,39.983203,-81.4600768,02398476
Lowell,,3945164,,Lowell village,39.5293982,-81.5075608,02399194
Macksburg,,3946158,,Macksburg village,39.6311478,-81.4567998,02399219
Lower Salem,,3945220,,Lower Salem village,39.5651042,-81.3924899,02399196
Lucas,,3945276,,Lucas village,40.7041265,-82.4220481,02399197
McArthur,,3945696,,McArthur village,39.2460127,-82.4783742,02399283
McComb,,3945808,,McComb village,41.1067104,-83.7894771,02399287
Mount Cory,,3952668,,Mount Cory village,40.9347983,-83.8234673,02399409
McConnelsville,,3945822,,McConnelsville village,39.6607406,-81.8405166,02399288
McDonald,,3945934,,McDonald village,41.1635039,-80.7230687,02399293
Macedonia ,,3945976,,Macedonia city,41.3149186,-81.5016329,01087006
McGuffey,,3946046,,McGuffey village,40.6927942,-83.7859214,02399295
Madeira ,,3946312,,Madeira city,39.1851046,-84.3731061,01086218
Madison,,3946480,,Madison village,41.7722579,-81.0529831,01086424
Magnolia,,3946844,,Magnolia village,40.6530621,-81.2927584,02399224
Minerva,,3950834,,Minerva village,40.7305838,-81.1022363,02399372
Malta,,3946970,,Malta village,39.6511108,-81.8631658,02399233
Malvern,,3946998,,Malvern village,40.6894943,-81.1804086,02399235
Manchester,,3947012,,Manchester village,38.689856,-83.6045923,02399237
Mansfield ,,3947138,,Mansfield city,40.76672,-82.5308195,01086879
Mantua,,3947180,,Mantua village,41.2819524,-81.2223991,02399246
Maple Heights ,,3947306,,Maple Heights city,41.4090472,-81.5628608,01085978
Mayfield Heights ,,3948482,,Mayfield Heights city,41.5173118,-81.4538885,01085980
Middleburg Heights ,,3949644,,Middleburg Heights city,41.369937,-81.8135373,01085981
Marble Cliff,,3947474,,Marble Cliff village,39.9856942,-83.0614431,02399251
Minerva Park,,3950862,,Minerva Park village,40.0761846,-82.9431227,02399373
Marblehead,,3947502,,Marblehead village,41.5348785,-82.7240365,02399252
Mariemont,,3947600,,Mariemont village,39.142499,-84.3790055,01086219
Mount Healthy ,,3952752,,Mount Healthy city,39.2338147,-84.5468181,01086221
Marion ,,3947754,,Marion city,40.5933044,-83.1229721,02395008
Marseilles,,3947992,,Marseilles village,40.7009735,-83.3923419,02399262
Marshallville,,3948048,,Marshallville village,40.8996287,-81.7329292,02399263
Martinsville,,3948118,,Martinsville village,39.3208543,-83.8108727,02399267
Massillon ,,3948244,,Massillon city,40.7844831,-81.5252162,01086982
Matamoras,,3948286,,Matamoras village,39.5183993,-81.0733202,02399272
Maumee ,,3948342,,Maumee city,41.5711252,-83.6662496,01086527
Mayfield,,3948468,,Mayfield village,41.5472475,-81.4343453,01085979
Melrose,,3949000,,Melrose village,41.0887189,-84.4200347,02399307
Mendon,,3949042,,Mendon village,40.6727168,-84.517854,02399312
Montezuma,,3951674,,Montezuma village,40.4894082,-84.5497714,02399386
Mentor ,,3949056,,Mentor city,41.6901586,-81.3358796,01086425
North Perry,,3956910,,North Perry village,41.8002526,-81.1241377,01086427
Mentor-on-the-Lake ,,3949098,,Mentor-on-the-Lake city,41.7151287,-81.3634671,01086426
Middlefield,,3949700,,Middlefield village,41.4593015,-81.0746416,02399332
Middle Point,,3949728,,Middle Point village,40.8559652,-84.4467634,02399331
Middleport,,3949756,,Middleport village,38.9937365,-82.0652391,02399333
Midvale,,3949966,,Midvale village,40.4358407,-81.3701084,02399338
Midway,,3950008,,Midway village,39.7329519,-83.4764235,02399339
Mount Sterling,,3953046,,Mount Sterling village,39.713393,-83.2734593,02399417
Mifflin,,3950036,,Mifflin village,40.7734614,-82.3638582,02399340
Milan,,3950134,,Milan village,41.2887844,-82.6018684,02399341
Milledgeville,,3950316,,Milledgeville village,39.5933582,-83.5878321,02399353
Millersport,,3950400,,Millersport village,39.8963822,-82.5419537,02399359
Millville,,3950540,,Millville village,39.3923767,-84.6529031,02399364
Miltonsburg,,3950722,,Miltonsburg village,39.8313334,-81.164754,02399368
Mineral City,,3950764,,Mineral City village,40.6017536,-81.3609498,02399371
Newcomerstown,,3954432,,Newcomerstown village,40.2752638,-81.5960341,02399492
Minster,,3950918,,Minster village,40.3946531,-84.3789331,02399377
New Knoxville,,3954838,,New Knoxville village,40.4942814,-84.3157642,02399468
Mogadore,,3951058,,Mogadore village,41.0524603,-81.4073169,01086832
Monroeville,,3951618,,Monroeville village,41.2438435,-82.7025754,02399385
Moreland Hills,,3952052,,Moreland Hills village,41.4418365,-81.4357346,01085982
Morral,,3952276,,Morral village,40.6913518,-83.2097854,02399395
Moscow,,3952416,,Moscow village,38.8598866,-84.2282973,02399404
Newtonsville,,3955664,,Newtonsville village,39.1810666,-84.0895914,02399494
Mount Gilead,,3952738,,Mount Gilead village,40.5540472,-82.8279042,02399412
Mount Orab,,3952906,,Mount Orab village,39.0293113,-83.9266559,02399414
Mount Vernon ,,3953102,,Mount Vernon city,40.3861906,-82.4840035,01086410
Mount Victory,,3953144,,Mount Victory village,40.5337167,-83.5210741,02399418
Munroe Falls ,,3953312,,Munroe Falls city,41.1395758,-81.4360579,01087008
Murray City,,3953410,,Murray City village,39.50883,-82.1690576,02399431
Mutual,,3953480,,Mutual village,40.0794316,-83.6368556,02399433
Napoleon ,,3953550,,Napoleon city,41.3979686,-84.1249842,02395148
Nellie,,3953816,,Nellie village,40.3384712,-82.0713789,02399442
New Athens,,3954068,,New Athens village,40.18442,-80.9942828,02399451
New Middletown,,3955118,,New Middletown village,40.9655456,-80.5583218,01086567
New Bavaria,,3954110,,New Bavaria village,41.2036454,-84.1672064,02399454
New Bloomington,,3954152,,New Bloomington village,40.5836962,-83.3125237,02399457
New Boston,,3954166,,New Boston village,38.7506288,-82.9330197,01086930
New Bremen,,3954194,,New Bremen village,40.4355727,-84.3777172,02399458
Newburgh Heights,,3954250,,Newburgh Heights village,41.4510588,-81.6631663,01085983
New Carlisle ,,3954334,,New Carlisle city,39.9444431,-84.0276672,02395190
New Lebanon,,3954852,,New Lebanon village,39.7440415,-84.3942493,02399469
New Lexington,,3954866,,New Lexington village,39.7167836,-82.2066598,02399471
New London,,3954908,,New London village,41.079698,-82.4061802,02399472
New Philadelphia ,,3955216,,New Philadelphia city,40.4864844,-81.4401512,01087060
New Riegel,,3955398,,New Riegel village,41.0518862,-83.3190084,02399481
New Straitsville,,3955552,,New Straitsville village,39.5783476,-82.228778,02399483
Newton Falls,,3955650,,Newton Falls village,41.1897254,-80.9713674,02395230
Newtown,,3955678,,Newtown village,39.1239876,-84.3516119,01086222
New Waterford,,3955790,,New Waterford village,40.847829,-80.6188254,02399486
North Baltimore,,3956154,,North Baltimore village,41.1797548,-83.6682593,02399509
North Bend,,3956182,,North Bend village,39.1491808,-84.7353321,02399511
North College Hill ,,3956322,,North College Hill city,39.2171478,-84.5519902,01086223
North Fairfield,,3956420,,North Fairfield village,41.1047778,-82.6128354,02399514
Northfield,,3956448,,Northfield village,41.3388568,-81.5268406,01087010
North Hampton,,3956588,,North Hampton village,39.9893074,-83.9439934,02399515
North Olmsted ,,3956882,,North Olmsted city,41.4149835,-81.9190385,01085984
North Randall,,3956924,,North Randall village,41.4317962,-81.5303374,01085985
Norton ,,3957260,,Norton city,41.0289314,-81.6455348,01087012
Norwalk ,,3957302,,Norwalk city,41.2445728,-82.6089499,01086352
Norwich,,3957372,,Norwich village,39.9846299,-81.7922059,02399529
Oak Hill,,3957596,,Oak Hill village,38.8961992,-82.569097,02399537
Oakwood,,3957750,,Oakwood village,41.3672678,-81.5037205,01085987
Obetz,,3957862,,Obetz village,39.8644353,-82.9446222,02399552
Octa,,3957918,,Octa village,39.6134221,-83.6105729,02399556
Ohio City,,3958002,,Ohio City village,40.7702953,-84.616231,02399563
Orrville ,,3958828,,Orrville city,40.848267,-81.7768937,02396086
Ostrander,,3958940,,Ostrander village,40.2639095,-83.2156488,02399592
Ottawa,,3958982,,Ottawa village,41.0198297,-84.0353172,02399596
Otway,,3959066,,Otway village,38.8649316,-83.1882271,02399599
Oxford ,,3959234,,Oxford city,39.5052398,-84.7439783,02396116
Painesville ,,3959416,,Painesville city,41.721635,-81.2583572,01086428
Parral,,3961056,,Parral village,40.5609446,-81.4949707,02399627
Patterson,,3961182,,Patterson village,40.7821707,-83.5261315,02399631
Peebles,,3961420,,Peebles village,38.9462907,-83.4093786,02399644
Pemberville,,3961504,,Pemberville village,41.4095916,-83.4587619,02399646
Perry,,3961882,,Perry village,41.7636735,-81.1430126,01086431
Perrysburg ,,3962148,,Perrysburg city,41.5389861,-83.6441321,01087193
Phillipsburg,,3962414,,Phillipsburg village,39.9039567,-84.4009797,02399662
Philo,,3962442,,Philo village,39.8613124,-81.9087957,02399665
Piqua ,,3962848,,Piqua city,40.150172,-84.2446336,02396215
Plain City,,3963030,,Plain City village,40.1075178,-83.2735871,02399682
Plainfield,,3963044,,Plainfield village,40.2050966,-81.7181747,02399683
Pleasant City,,3963436,,Pleasant City village,39.9032742,-81.5438077,02399689
Pleasant Hill,,3963534,,Pleasant Hill village,40.0506238,-84.3461846,02399691
Pleasant Plain,,3963576,,Pleasant Plain village,39.2784334,-84.1121149,02399693
Pleasantville,,3963716,,Pleasantville village,39.8097779,-82.5222807,02398987
Plymouth,,3963800,,Plymouth village,40.9970183,-82.6673997,02398988
Portage,,3964108,,Portage village,41.3232174,-83.6467994,02399008
Port Jefferson,,3964262,,Port Jefferson village,40.3305976,-84.0924505,02399004
Potsdam,,3964430,,Potsdam village,39.9637124,-84.4148207,02399012
Powell ,,3964486,,Powell city,40.1676865,-83.0815553,02396264
Prospect,,3964780,,Prospect village,40.4539171,-83.1848044,02399027
Quaker City,,3965116,,Quaker City village,39.9696562,-81.2973569,02399031
Quincy,,3965200,,Quincy village,40.2955674,-83.9686634,02399032
Rarden,,3965508,,Rarden village,38.9233292,-83.2420001,02399044
Ravenna ,,3965592,,Ravenna city,41.1615673,-81.2420577,02396324
Rawson,,3965634,,Rawson village,40.9568858,-83.7849669,02399047
Republic,,3966320,,Republic village,41.1250171,-83.0166569,02399059
Richfield,,3966530,,Richfield village,41.2331317,-81.6439408,02399063
Ridgeway,,3967118,,Ridgeway village,40.5121092,-83.5691131,02399073
Ripley,,3967272,,Ripley village,38.7307973,-83.8328515,02399079
Riverlea,,3967440,,Riverlea village,40.0804075,-83.0250475,02399088
Riverside ,,3967468,,Riverside city,39.7826504,-84.1239147,02399089
Rock Creek,,3967846,,Rock Creek village,41.6604311,-80.8543283,02399102
Rocky River ,,3968056,,Rocky River city,41.4730717,-81.8538246,01085996
Rogers,,3968084,,Rogers village,40.7896671,-80.6274623,02399110
Roseville,,3968560,,Roseville village,39.8065272,-82.0756413,02399124
Rossburg,,3968672,,Rossburg village,40.2802025,-84.6382802,02399126
Rossford ,,3968686,,Rossford city,41.5978901,-83.556236,01087197
Roswell,,3968742,,Roswell village,40.4759373,-81.3481001,02399128
Rushsylvania,,3969176,,Rushsylvania village,40.4613126,-83.6711708,02399143
Sabina,,3969400,,Sabina village,39.4906373,-83.6338755,02399152
Salem ,,3969834,,Salem city,40.904596,-80.8489375,02396524
Sandusky ,,3970380,,Sandusky city,41.4558874,-82.7144099,01086070
Savannah,,3970576,,Savannah village,40.9694582,-82.3697337,02399764
Senecaville,,3971360,,Senecaville village,39.9347642,-81.4594621,02399786
Shawnee,,3971962,,Shawnee village,39.6105845,-82.2018799,02399792
Sheffield,,3972060,,Sheffield village,41.456889,-82.0939705,01086521
Shelby ,,3972102,,Shelby city,40.8851382,-82.6583076,02395862
Sherwood,,3972256,,Sherwood village,41.2919636,-84.5480995,02399805
Shiloh,,3972298,,Shiloh village,40.9716674,-82.6004185,02399808
Sidney ,,3972424,,Sidney city,40.2895266,-84.166729,02395881
Sinking Spring,,3972578,,Sinking Spring village,39.0747219,-83.3871355,02399826
Somerset,,3972977,,Somerset village,39.8066383,-82.2996457,02399836
South Russell,,3973684,,South Russell village,41.4338283,-81.3279643,02399857
South Solon,,3973768,,South Solon village,39.7374274,-83.6127203,02399859
South Webster,,3973824,,South Webster village,38.8169919,-82.7324951,02399861
Spencerville,,3974034,,Spencerville village,40.7079652,-84.3531587,02399872
Springfield ,,3974118,,Springfield city,39.9281815,-83.800885,01085859
Stoutsville,,3974916,,Stoutsville village,39.6049755,-82.8233642,02399911
Stow ,,3974944,,Stow city,41.1762614,-81.4365227,01087018
Streetsboro ,,3975014,,Streetsboro city,41.2396076,-81.3458624,01086840
Struthers ,,3975126,,Struthers city,41.0512184,-80.592724,01086572
Sugar Bush Knolls,,3975196,,Sugar Bush Knolls village,41.2032162,-81.3509952,01086842
Summerfield,,3975406,,Summerfield village,39.7968155,-81.3353326,02399928
Sycamore,,3975980,,Sycamore village,40.9516724,-83.1709697,02399942
Sylvania ,,3976022,,Sylvania city,41.7103622,-83.7102124,02396020
Tallmadge ,,3976106,,Tallmadge city,41.1061185,-81.4248335,01087019
The Village of Indian Hill ,,3976582,,The Village of Indian Hill city,39.1885572,-84.3360212,01086234
Thornville,,3976680,,Thornville village,39.8936234,-82.411824,02399976
Tiffin ,,3976778,,Tiffin city,41.1165706,-83.1809767,01086956
Tipp City ,,3976876,,Tipp City city,39.9644739,-84.1863795,02397027
Toledo ,,3977000,,Toledo city,41.664071,-83.5818608,01086537
Trenton ,,3977322,,Trenton city,39.4788078,-84.466373,01085821
Trotwood ,,3977504,,Trotwood city,39.7918377,-84.3218342,02397059
Troy ,,3977588,,Troy city,40.0438905,-84.2195301,02397060
Union ,,3978470,,Union city,39.9065989,-84.2933298,02397084
Unionville Center,,3978834,,Unionville Center village,40.1370504,-83.3412672,02400026
Upper Arlington ,,3979002,,Upper Arlington city,40.0275869,-83.070722,01086116
Upper Sandusky ,,3979044,,Upper Sandusky city,40.8306688,-83.2707087,02397094
Urbancrest,,3979100,,Urbancrest village,39.9015241,-83.0881842,02400032
Utica,,3979114,,Utica village,40.2371009,-82.4415219,02400034
Valleyview,,3979282,,Valleyview village,39.9639056,-83.0722907,02400040
Van Buren,,3979394,,Van Buren village,41.1389463,-83.6492585,02400043
Vandalia ,,3979492,,Vandalia city,39.8789773,-84.1922239,01086680
Vanlue,,3979534,,Vanlue village,40.9740534,-83.4847129,02400048
Van Wert ,,3979562,,Van Wert city,40.8647965,-84.5885183,02397117
Venedocia,,3979632,,Venedocia village,40.7852111,-84.4558986,02400052
Vermilion ,,3979716,,Vermilion city,41.4080053,-82.3172535,02397126
Verona,,3979898,,Verona village,39.9013236,-84.5059966,02400064
Warsaw,,3981032,,Warsaw village,40.335636,-82.0009922,02400096
Washington Court House ,,3981718,,Washington Court House city,39.5379163,-83.4277878,01086095
Washingtonville,,3981732,,Washingtonville village,40.8963314,-80.7680244,02400100
Wayne,,3982334,,Wayne village,41.300961,-83.4717265,02400111
Waynesburg,,3982376,,Waynesburg village,40.668139,-81.2598741,02400115
West Carrollton ,,3983090,,West Carrollton city,39.669742,-84.2554897,01086682
West Elkton,,3983216,,West Elkton village,39.5881384,-84.5597806,02400130
Westerville ,,3983342,,Westerville city,40.1234352,-82.9133238,01086118
West Farmington,,3983384,,West Farmington village,41.3910244,-80.9740317,02400131
West Jefferson,,3983580,,West Jefferson village,39.9483581,-83.297069,02400132
West Rushville,,3984182,,West Rushville village,39.7643626,-82.4497657,02400142
North Star,,3957064,,North Star village,40.3243075,-84.5689326,02399523
Palestine,,3959598,,Palestine village,40.0501517,-84.7443205,02399609
Northwood ,,3957190,,Northwood city,41.6100639,-83.4827043,01087191
Norwood ,,3957386,,Norwood city,39.1604911,-84.4535423,01086224
Reading ,,3965732,,Reading city,39.224228,-84.4333429,01086225
Oak Harbor,,3957582,,Oak Harbor village,41.5051269,-83.1349618,02399536
Port Clinton ,,3964150,,Port Clinton city,41.5097181,-82.9383391,02396253
Rocky Ridge,,3968042,,Rocky Ridge village,41.5304461,-83.2133648,02399109
Oakwood ,,3957764,,Oakwood city,39.7202157,-84.1733249,01086677
Oakwood,,3957792,,Oakwood village,41.0927572,-84.374731,02399546
Paulding,,3961252,,Paulding village,41.1426627,-84.5826568,02399632
Oberlin ,,3957834,,Oberlin city,41.2861063,-82.2187567,02395295
Rochester,,3967762,,Rochester village,41.1240653,-82.3062834,02399099
Old Washington,,3958226,,Old Washington village,40.0376179,-81.4442181,02399570
Olmsted Falls ,,3958422,,Olmsted Falls city,41.3656764,-81.9041384,01085989
Orange,,3958604,,Orange village,41.4426159,-81.4717181,01085990
Ontario ,,3958520,,Ontario city,40.7685195,-82.6168973,02396070
Orangeville,,3958674,,Orangeville village,41.3440007,-80.524188,01087042
Oregon ,,3958730,,Oregon city,41.655956,-83.4383245,01086529
Orwell,,3958856,,Orwell village,41.5364224,-80.859609,02399589
Osgood,,3958912,,Osgood village,40.3393924,-84.4956316,02399590
Ottawa Hills,,3959010,,Ottawa Hills village,41.667058,-83.6397703,01086530
Ottoville,,3959052,,Ottoville village,40.9341757,-84.3386635,02399598
West Leipsic,,3983706,,West Leipsic village,41.1052836,-84.0011524,02400134
Owensville,,3959220,,Owensville village,39.1241793,-84.1366668,02399604
Pandora,,3959738,,Pandora village,40.9451868,-83.9540433,02399619
Parma ,,3961000,,Parma city,41.3835687,-81.728641,01085991
Parma Heights ,,3961028,,Parma Heights city,41.3833863,-81.7612728,01085992
Pataskala ,,3961112,,Pataskala city,40.0197947,-82.7198805,01086476
Payne,,3961322,,Payne village,41.0798175,-84.7272492,02399637
Peninsula,,3961574,,Peninsula village,41.2339712,-81.5531749,02399650
Pepper Pike ,,3961686,,Pepper Pike city,41.4793862,-81.4602065,01085993
Perrysville,,3962190,,Perrysville village,40.6584058,-82.3144536,02399657
Polk,,3963996,,Polk village,40.9451542,-82.2143476,02398993
Pickerington ,,3962498,,Pickerington city,39.890264,-82.7640905,02396197
Piketon,,3962708,,Piketon village,39.0659498,-82.997131,02399673
Waverly,,3981935,,Waverly village,39.12597,-82.9836871,01085666
Pioneer,,3962834,,Pioneer village,41.6770586,-84.5528044,02399678
Pitsburg,,3962890,,Pitsburg village,39.9871555,-84.4878296,02399680
Union City,,3978624,,Union City village,40.1985389,-84.7892084,02400022
Poland,,3963954,,Poland village,41.0228959,-80.6153881,02398992
Sebring,,3971220,,Sebring village,40.9200028,-81.0252676,01086569
Pomeroy,,3964024,,Pomeroy village,39.0346721,-82.0324158,02398996
Portsmouth ,,3964304,,Portsmouth city,38.7527946,-82.9523734,01086933
Port Washington,,3964346,,Port Washington village,40.326772,-81.5191143,02399006
Stone Creek,,3974804,,Stone Creek village,40.3988435,-81.5553869,02399907
Strasburg,,3974958,,Strasburg village,40.6005937,-81.5295588,02399915
Sugarcreek,,3975210,,Sugarcreek village,40.5076188,-81.6408982,02399927
Port William,,3964360,,Port William village,39.5519252,-83.7856646,02399007
University Heights ,,3978932,,University Heights city,41.494805,-81.5348207,01086002
Powhatan Point,,3964542,,Powhatan Point village,39.8623181,-80.8095642,02399016
St. Clairsville ,,3969526,,St. Clairsville city,40.0782737,-80.8991733,02396482
Shadyside,,3971640,,Shadyside village,39.9718911,-80.7510293,02399790
Proctorville,,3964766,,Proctorville village,38.4375956,-82.3820635,02399026
Put-in-Bay,,3965032,,Put-in-Bay village,41.6533018,-82.8174601,02399030
Racine,,3965256,,Racine village,38.9684044,-81.9111036,02399034
Rayland,,3965662,,Rayland village,40.1833594,-80.6917505,02399048
Smithfield,,3972760,,Smithfield village,40.2715568,-80.7772692,02399830
Reminderville,,3966152,,Reminderville village,41.3271527,-81.3973794,01087013
Silver Lake,,3972494,,Silver Lake village,41.1538849,-81.4615106,01087016
Twinsburg ,,3978050,,Twinsburg city,41.3225941,-81.4431227,01087020
Rendville,,3966222,,Rendville village,39.6231785,-82.0892868,02399056
Reynoldsburg ,,3966390,,Reynoldsburg city,39.9587862,-82.7952023,02396357
Richmond,,3966824,,Richmond village,40.4328497,-80.7718903,02399066
Richmond Heights ,,3966894,,Richmond Heights city,41.560646,-81.5077,01085994
Seven Hills ,,3971416,,Seven Hills city,41.379264,-81.6762916,01085997
Shaker Heights ,,3971682,,Shaker Heights city,41.4760903,-81.5491969,01085998
Richwood,,3966936,,Richwood village,40.4274366,-83.2943769,02399070
Rio Grande,,3967258,,Rio Grande village,38.880247,-82.3793925,02399078
Vinton,,3980178,,Vinton village,38.9804295,-82.33233,02400072
Risingsun,,3967314,,Risingsun village,41.2670533,-83.4269112,02399082
Tontogany,,3977070,,Tontogany village,41.4210326,-83.7409765,02399994
Walbridge,,3980486,,Walbridge village,41.5860742,-83.4874142,02400082
West Millgrove,,3983888,,West Millgrove village,41.2427453,-83.4914072,02400139
Rittman ,,3967356,,Rittman city,40.9733734,-81.7845833,02396382
Roaming Shores,,3967600,,Roaming Shores village,41.6388165,-80.828275,01085740
Rockford,,3967874,,Rockford village,40.6910267,-84.6499091,02399105
St. Henry,,3969540,,St. Henry village,40.4201616,-84.6336497,02399173
Rome (Stout),,3968196,,Rome (Stout) village,38.6662032,-83.3781433,02399112
Rushville,,3969204,,Rushville village,39.7643481,-82.4303334,02399144
Russells Point,,3969302,,Russells Point village,40.4674361,-83.8934935,02399146
Russellville,,3969316,,Russellville village,38.8672729,-83.7877836,02399147
Russia,,3969344,,Russia village,40.2340056,-84.4067148,02399149
Rutland,,3969358,,Rutland village,39.0410199,-82.1279282,02399150
St. Bernard,,3969470,,St. Bernard village,39.1717286,-84.4940878,01086226
Silverton,,3972522,,Silverton village,39.1883325,-84.4009288,01086228
St. Louisville,,3969652,,St. Louisville village,40.1711088,-82.4180527,02399168
St. Marys ,,3969680,,St. Marys city,40.5475581,-84.3929572,02396505
St. Paris,,3969708,,St. Paris village,40.1269446,-83.964352,02399170
Urbana ,,3979072,,Urbana city,40.1085358,-83.7540719,02397096
Salineville,,3970100,,Salineville village,40.6207241,-80.8344239,02399176
Sarahsville,,3970520,,Sarahsville village,39.8071179,-81.4694661,02399183
Sardinia,,3970534,,Sardinia village,39.0071902,-83.8022481,02399185
Scio,,3970814,,Scio village,40.3989834,-81.0881746,02399773
Scott,,3971080,,Scott village,40.9886528,-84.5839755,02399776
Seaman,,3971206,,Seaman village,38.9308763,-83.5677123,02399778
Seven Mile,,3971444,,Seven Mile village,39.4859196,-84.5523171,02399787
Seville,,3971486,,Seville village,41.0207687,-81.8671109,02399788
Sharonville ,,3971892,,Sharonville city,39.2805863,-84.4075144,01086227
Shawnee Hills,,3971976,,Shawnee Hills village,40.1600743,-83.1356563,02399793
Sheffield Lake ,,3972088,,Sheffield Lake city,41.4883876,-82.0976506,01086522
Sherrodsville,,3972242,,Sherrodsville village,40.4945002,-81.2440975,02399804
Shreve,,3972396,,Shreve village,40.6812644,-82.0217868,02399814
Smithville,,3972788,,Smithville village,40.8624688,-81.8605095,02399834
Solon ,,3972928,,Solon city,41.3859905,-81.4408347,01085999
South Euclid ,,3973264,,South Euclid city,41.5239365,-81.524491,01086000
South Amherst,,3973040,,South Amherst village,41.3462263,-82.2352697,02399840
South Bloomfield,,3973068,,South Bloomfield village,39.7170012,-82.9931285,02399843
South Charleston,,3973124,,South Charleston village,39.8247734,-83.6437429,02399844
South Vienna,,3973796,,South Vienna village,39.9294885,-83.6140436,02399860
South Lebanon,,3973446,,South Lebanon village,39.367303,-84.2217428,02399851
South Point,,3973670,,South Point village,38.4221809,-82.5790609,02399853
South Salem,,3973698,,South Salem village,39.3373739,-83.3069615,02399858
South Zanesville,,3973894,,South Zanesville village,39.9036214,-82.0178664,02399863
Sparta,,3973950,,Sparta village,40.3944332,-82.6996475,02399867
Spencer,,3973992,,Spencer village,41.0977569,-82.1217618,02399870
Springboro ,,3974076,,Springboro city,39.5622269,-84.2336025,02395938
Waynesville,,3982418,,Waynesville village,39.5319455,-84.0909377,02400117
Springdale ,,3974104,,Springdale city,39.2905989,-84.4757899,01086229
Terrace Park,,3976428,,Terrace Park village,39.1585601,-84.3122425,01086233
Spring Valley,,3974216,,Spring Valley village,39.6110699,-84.0079239,02399878
Stafford,,3974300,,Stafford village,39.7124119,-81.2765776,02399882
Steubenville ,,3974608,,Steubenville city,40.3663098,-80.6570612,01086386
Stockport,,3974748,,Stockport village,39.5488702,-81.7943967,02399904
Stratton,,3975000,,Stratton village,40.5254361,-80.6314335,02399917
Strongsville ,,3975098,,Strongsville city,41.3129553,-81.8316902,01086001
Valley View,,3979268,,Valley View village,41.3814998,-81.6082977,01086003
Stryker,,3975140,,Stryker village,41.5027557,-84.4168693,02399922
Sugar Grove,,3975252,,Sugar Grove village,39.6303995,-82.5448391,02399925
Thurston,,3976764,,Thurston village,39.8417135,-82.5484153,02399978
Summitville,,3975574,,Summitville village,40.6718282,-80.889552,02399931
Sunbury,,3975602,,Sunbury village,40.2494047,-82.8801989,01086057
Swanton,,3975896,,Swanton village,41.5848741,-83.8852493,02399940
Syracuse,,3976050,,Syracuse village,38.9977017,-81.9659123,02399945
Tarlton,,3976148,,Tarlton village,39.5542516,-82.7781121,02399954
Tiltonsville,,3976806,,Tiltonsville village,40.1723934,-80.697599,02399983
Toronto ,,3977112,,Toronto city,40.4579344,-80.60963,02397037
Timberlake,,3976834,,Timberlake village,41.6655223,-81.4427983,01086432
Waite Hill,,3980402,,Waite Hill village,41.6087233,-81.388759,01086433
Tiro,,3976932,,Tiro village,40.9062346,-82.769001,02399988
Tremont City,,3977308,,Tremont City village,40.013912,-83.83835,02400001
Trimble,,3977406,,Trimble village,39.4859636,-82.0817589,02400003
Tuscarawas,,3977924,,Tuscarawas village,40.3919207,-81.3965437,02400010
Uhrichsville ,,3978176,,Uhrichsville city,40.4040755,-81.348958,02397079
Valley Hi,,3979226,,Valley Hi village,40.316228,-83.6758904,02400039
West Liberty,,3983734,,West Liberty village,40.2567893,-83.7583905,02400135
Versailles,,3979912,,Versailles village,40.2222712,-84.482673,02400066
Wadsworth ,,3980304,,Wadsworth city,41.0274357,-81.7322053,02397162
Wakeman,,3980458,,Wakeman village,41.2532151,-82.4026866,02400081
Waldo,,3980500,,Waldo village,40.4597545,-83.0848362,02400083
Walton Hills,,3980738,,Walton Hills village,41.3708766,-81.5586815,01086004
Wapakoneta ,,3980766,,Wapakoneta city,40.5645766,-84.190783,02397191
Waynesfield,,3982390,,Waynesfield village,40.6024421,-83.9738809,02400116
Warren ,,3980892,,Warren city,41.2395643,-80.8160147,01087046
Warrensville Heights ,,3980990,,Warrensville Heights city,41.4388237,-81.5245266,01086006
Westlake ,,3983622,,Westlake city,41.4495314,-81.9301623,01086007
Waterville ,,3981858,,Waterville city,41.5019712,-83.7368523,02400105
Wauseon ,,3981928,,Wauseon city,41.5534451,-84.1401355,02397224
Wayne Lakes,,3982348,,Wayne Lakes village,40.0217198,-84.6632118,02400114
Wellington,,3982642,,Wellington village,41.162258,-82.2295146,02400122
Wellston ,,3982712,,Wellston city,39.1173993,-82.5375643,01086375
Wellsville,,3982740,,Wellsville village,40.6039236,-80.6557453,01085906
West Alexandria,,3982880,,West Alexandria village,39.745082,-84.5361619,02400126
Westfield Center,,3983468,,Westfield Center village,41.028262,-81.9314505,02400152
West Lafayette,,3983608,,West Lafayette village,40.2759894,-81.7517079,02400133
West Manchester,,3983804,,West Manchester village,39.9033203,-84.6263255,02400137
West Mansfield,,3983818,,West Mansfield village,40.4013881,-83.5440036,02400138
West Milton,,3983902,,West Milton village,39.958295,-84.3259693,02400140
Weston,,3983972,,Weston village,41.3459807,-83.7946092,02400154
West Unity,,3984308,,West Unity village,41.5889794,-84.4303487,02400147
Wharton,,3984574,,Wharton village,40.8613057,-83.4648104,02400159
Whitehall ,,3984742,,Whitehall city,39.9689678,-82.8839478,01086119
Whitehouse,,3984770,,Whitehouse village,41.5215896,-83.7957299,02400165
Wickliffe ,,3985036,,Wickliffe city,41.6063221,-81.468028,01086434
Williamsburg,,3985288,,Williamsburg village,39.0724763,-84.0537156,02400171
Williamsport,,3985414,,Williamsport village,39.5816689,-83.1205244,02399697
Willoughby ,,3985484,,Willoughby city,41.645285,-81.4143529,01086435
Wilson,,3985834,,Wilson village,39.8605184,-81.0690409,02399707
Wintersville,,3986184,,Wintersville village,40.3780174,-80.709914,02399724
Woodlawn,,3986366,,Woodlawn village,39.255562,-84.4710535,01086236
Woodmere,,3986394,,Woodmere village,41.4599707,-81.4798564,01086008
Woodsfield,,3986436,,Woodsfield village,39.763047,-81.1167745,02399736
Woodville,,3986492,,Woodville village,41.4510285,-83.3639879,02399739
Wren,,3986632,,Wren village,40.8004525,-84.7738214,02399745
Yankee Lake,,3986856,,Yankee Lake village,41.2682252,-80.5679229,02399750
Yellow Springs,,3986940,,Yellow Springs village,39.7983823,-83.8919843,02399752
Yorkshire,,3987164,,Yorkshire village,40.325309,-84.4950259,02399753
Yorkville,,3987178,,Yorkville village,40.1538203,-80.7070642,02399754
Youngstown ,,3988000,,Youngstown city,41.099095,-80.6459017,01086573
Zaleski,,3988028,,Zaleski village,39.2802255,-82.3942492,02399755
Zanesville ,,3988084,,Zanesville city,39.9559926,-82.0134688,01086738
Zoar,,3988168,,Zoar village,40.6129785,-81.4229778,02399758
West Salem,,3984196,,West Salem village,40.9697625,-82.1079452,02400143
West Union,,3984294,,West Union village,38.7916841,-83.5440936,02400146
Winchester,,3985876,,Winchester village,38.9435238,-83.6541131,02399711
Wilkesville,,3985190,,Wilkesville village,39.0764594,-82.326552,02400170
Willard ,,3985232,,Willard city,41.0519411,-82.7235327,01086362
Willoughby Hills ,,3985512,,Willoughby Hills city,41.5841712,-81.4329758,01086436
Willowick ,,3985638,,Willowick city,41.6342993,-81.4679052,01086437
Willshire,,3985736,,Willshire village,40.746432,-84.7920435,02399703
Wilmington ,,3985792,,Wilmington city,39.4395031,-83.8179523,02397327
Wilmot,,3985806,,Wilmot village,40.6556438,-81.6348607,02399706
Windham,,3985946,,Windham village,41.2394425,-81.0395354,02399712
Woodstock,,3986478,,Woodstock village,40.1736103,-83.5280655,02399738
Wooster ,,3986548,,Wooster city,40.8170295,-81.9315294,01087163
Worthington ,,3986604,,Worthington city,40.0968126,-83.0201738,02397377
Wyoming ,,3986730,,Wyoming city,39.22968,-84.4815651,01086237
Xenia ,,3986772,,Xenia city,39.6831333,-83.9408082,01086175
Zanesfield,,3988070,,Zanesfield village,40.3386209,-83.6778896,02399757
Adams County,48.5,39001,28386,,,,
Allen County,259.9,39003,105737,,,,
Ashland County,125.5,39005,53574,,,,
Ashtabula County,141.9,39007,100642,,,,
Athens County,128.4,39009,65276,,,,
Auglaize County,114.6,39011,46068,,,,
Belmont County,129.8,39013,70243,,,,
Brown County,90.5,39015,44723,,,,
Butler County,789.4,39017,371113,,,,
Carroll County,72.1,39019,28761,,,,
Champaign County,93.6,39021,40209,,,,
Clark County,341.2,39023,137562,,,,
Clermont County,438.5,39025,201149,,,,
Clinton County,102.1,39027,42105,,,,
Columbiana County,199.2,39029,106512,,,,
Coshocton County,65,39031,36897,,,,
Crawford County,106.9,39033,43051,,,,
Cuyahoga County,2738.9,39035,1258105,,,,
Darke County,88,39037,52781,,,,
Defiance County,94.3,39039,39070,,,,
Delaware County,404.4,39041,184786,,,,
Erie County,300.1,39043,76769,,,,
Fairfield County,293.1,39045,149100,,,,
Fayette County,71.3,39047,29016,,,,
Franklin County,2211,39049,1201566,,,,
Fulton County,105.1,39051,42823,,,,
Gallia County,65.3,39053,30757,,,,
Geauga County,229.8,39055,93810,,,,
Greene County,391.1,39057,162780,,,,
Guernsey County,75.4,39059,39824,,,,
Hamilton County,1947.5,39061,803849,,,,
Hancock County,139.1,39063,74237,,,,
Hardin County,67.9,39065,31955,,,,
Harrison County,39.4,39067,16186,,,,
Henry County,67.1,39069,28162,,,,
Highland County,78.2,39071,43612,,,,
Hocking County,69.8,39073,29577,,,,
Holmes County,102.5,39075,43446,,,,
Huron County,119.6,39077,59164,,,,
Jackson County,78.6,39079,33156,,,,
Jefferson County,167.5,39081,68832,,,,
Knox County,114.9,39083,60822,,,,
Lake County,998.5,39085,230637,,,,
Lawrence County,135.8,39087,62102,,,,
Licking County,245.7,39089,168913,,,,
Logan County,98.9,39091,46174,,,,
Lorain County,610.7,39093,302234,,,,
Lucas County,1257.9,39095,435208,,,,
Madison County,93.8,39097,43733,,,,
Mahoning County,550.9,39099,234244,,,,
Marion County,165.7,39101,66923,,,,
Medina County,416.6,39103,176227,,,,
Meigs County,55.3,39105,23900,,,,
Mercer County,86.4,39107,40919,,,,
Miami County,254,39109,104012,,,,
Monroe County,32.2,39111,14710,,,,
Montgomery County,1139.3,39113,528989,,,,
Morgan County,35.7,39115,15071,,,,
Morrow County,85.4,39117,34805,,,,
Muskingum County,127.8,39119,85947,,,,
Noble County,36,39121,14552,,,,
Ottawa County,159.3,39123,42044,,,,
Paulding County,46.4,39125,19425,,,,
Perry County,87.7,39127,36199,,,,
Pickaway County,111.9,39129,56707,,,,
Pike County,64.6,39131,28691,,,,
Portage County,321.2,39133,161934,,,,
Preble County,99.1,39135,42244,,,,
Putnam County,72,39137,34854,,,,
Richland County,244.7,39139,122395,,,,
Ross County,113.4,39141,78553,,,,
Sandusky County,147.7,39143,60853,,,,
Scioto County,128.2,39145,78944,,,,
Seneca County,102.1,39147,56461,,,,
Shelby County,120.3,39149,49423,,,,
Stark County,647.6,39151,375947,,,,
Summit County,1290.2,39153,542030,,,,
Trumbull County,324.1,39155,206300,,,,
Tuscarawas County,163.3,39157,93339,,,,
Union County,122.9,39159,53699,,,,
Van Wert County,70.3,39161,28849,,,,
Vinton County,32.5,39163,13486,,,,
Warren County,542.1,39165,220724,,,,
Washington County,96.6,39167,61830,,,,
Wayne County,207.4,39169,115496,,,,
Williams County,88.9,39171,37617,,,,
Wood County,208.7,39173,129554,,,,
Wyandot County,55.5,39175,22613,,,,
